{
  "faq": [
    {
      "question": "How old is Nasarawa State University, Keffi (NSUK)?",
      "answer": "Nasarawa State University, Keffi (NSUK) was established in 2001. As of 2024, the university is 23 years old."
    },
    {
      "question": "How many faculties does NSUK have?",
      "answer": "Nasarawa State University, Keffi (NSUK) has eight faculties: 1. Faculty of Administration, 2. Faculty of Agriculture, 3. Faculty of Arts, 4. Faculty of Education, 5. Faculty of Environmental Science, 6. Faculty of Law, 7. Faculty of Natural and Applied Sciences, 8. Faculty of Social Sciences."
    },
    {
      "question": "How many departments does NSUK's Faculty of Natural and Applied Sciences offer?",
      "answer": "The Faculty of Natural and Applied Sciences at NSUK offers programs through 11 departments: 1. Biochemistry, 2. Chemistry, 3. Computer Science, 4. Geology and Mining, 5. Mathematics, 6. Microbiology, 7. Physics, 8. Plant Science and Biotechnology, 9. Science Laboratory Technology, 10. Statistics, 11. Zoology."
    },
    {
      "question": "How many departments does NSUK's Faculty of Arts offer?",
      "answer": "The Faculty of Arts at NSUK offers programs through 9 departments: 1. Arabic Studies, 2. English, 3. French, 4. Hausa, 5. History, 6. Islamic Studies, 7. Linguistics, 8. Philosophy and Religious Studies, 9. Theatre and Cultural Studies."
    },
    {
      "question": "How many departments does NSUK's Faculty of Law offer?",
      "answer": "The Faculty of Law at NSUK consists of three departments: 1. Islamic Law and Jurisprudence, 2. Public and International Law, 3. Private and Business Law."
    },
    {
      "question": "How many departments does NSUK's Faculty of Social Sciences offer?",
      "answer": "The Faculty of Social Sciences at NSUK offers five departments: 1. Economics, 2. Mass Communication, 3. Political Science, 4. Psychology, 5. Sociology."
    },
    {
      "question": "How many departments does NSUK's Faculty of Environmental Sciences offer?",
      "answer": "The Faculty of Environmental Sciences at NSUK offers three departments: 1. Architecture, 2. Geography, 3. Urban and Regional Planning."
    },
    {
      "question": "How many departments does NSUK's Faculty of Education offer?",
      "answer": "The Faculty of Education at NSUK offers six departments: 1. Arts and Social Sciences Education, 2. Educational Foundation, 3. Educational Management, 4. Guidance and Counselling, 5. Science, Technology, and Mathematics Education, 6. Special Education."
    },
    {
      "question": "How many departments does NSUK's Faculty of Administration offer?",
      "answer": "The Faculty of Administration at NSUK offers eight departments: 1. Accounting, 2. Banking and Finance, 3. Business Administration, 4. Entrepreneurship, 5. Marketing, 6. Public Administration, 7. Security and Investment Studies, 8. Taxation."
    },
    {
      "question": "How many departments does NSUK's Faculty of Agriculture offer?",
      "answer": "The Faculty of Agriculture at NSUK offers six departments: 1. Agricultural Economics and Extension, 2. Agronomy (Crop and Soil Science), 3. Animal Science, 4. Aquaculture and Fisheries Management, 5. Forestry and Wildlife Management, 6. Home Science and Management."
    },
    {
      "question": "What is the cut-off mark for NSUK's Faculty of Natural and Applied Sciences?",
      "answer": "The cut-off mark for the Natural and Applied Sciences faculty at NSUK is 170."
    },
    {
      "question": "What is the cut-off mark for NSUK's Faculty of Arts?",
      "answer": "The cut-off marks for the Faculty of Arts at NSUK are: English - 180, History - 170."
    },
    {
      "question": "What is the cut-off mark for NSUK's Faculty of Social Sciences?",
      "answer": "The cut-off mark for all undergraduate programs at NSUK, including the Faculty of Social Science, is 160."
    },
    {
      "question": "What is the cut-off mark for NSUK's Faculty of Environmental Sciences?",
      "answer": "The cut-off mark for all courses at NSUK, including the Faculty of Environmental Sciences, is 160."
    },
    {
      "question": "What is the cut-off mark for NSUK's Faculty of Law?",
      "answer": "The cut-off mark for the Faculty of Law at NSUK is 160."
    },
    {
      "question": "What is the cut-off mark for NSUK's Faculty of Education?",
      "answer": "The cut-off mark for the Faculty of Education at NSUK is 160."
    },
    {
      "question": "What is the cut-off mark for NSUK's Faculty of Agriculture?",
      "answer": "The cut-off mark for the Faculty of Agriculture at NSUK is 160."
    },
    {
      "question": "What is the cut-off mark for NSUK's Faculty of Administration?",
      "answer": "The general cut-off mark for Nasarawa State University is 170."
    },
    {
      "question": "What is the motto of NSUK?",
      "answer": "The motto of NSUK is 'Knowledge, Character, and Service.'"
    },
    {
      "question": "Where is NSUK located?",
      "answer": "NSUK is located in Keffi, Nasarawa State, Nigeria."
    },
    {
      "question": "What type of institution is NSUK?",
      "answer": "NSUK is a public university."
    },
    {
      "question": "Does NSUK offer postgraduate programs?",
      "answer": "Yes, NSUK offers various postgraduate programs."
    },
    {
      "question": "What is the mode of admission into NSUK?",
      "answer": "Admission is through the Unified Tertiary Matriculation Examination (UTME) and Direct Entry."
    },
    {
      "question": "Is there a library at NSUK?",
      "answer": "Yes, NSUK has a central library that provides resources for students and faculty."
    },
    {
      "question": "Can undergraduate students participate in research?",
      "answer": "Yes, undergraduate students can participate in research."
    },
    {
      "question": "What are the tuition fees at NSUK?",
      "answer": "Tuition fees vary by program; prospective students should check the university’s official website for current fees."
    },
    {
      "question": "Does NSUK participate in national competitions?",
      "answer": "Yes, NSUK participates in various national academic and sporting competitions."
    },
    {
      "question": "Who is the Dean of the Faculty of Arts and Social Sciences?",
      "answer": "Zaynab Alkali is the Dean of Arts, and Dr. Femi Adelakun is the Dean of Social Sciences."
    },
    {
      "question": "Who is the Dean of the Faculty of Administration?",
      "answer": "The Dean of the Faculty of Administration is Prof. Hassan Ibrahim."
    },
    {
      "question": "Who is the Dean of the Faculty of Law?",
      "answer": "The Dean of the Faculty of Law is Professor Elijah Oluwatoyin Okebukola."
    },
    {
      "question": "Who is the Dean of the Faculty of Environmental Sciences?",
      "answer": "The Dean of the Faculty of Environmental Sciences is Prof. Ishaya K. Isma'ila."
    },
    {
      "question": "What are the admission requirements?",
      "answer": "Candidates need a minimum of five O’Level credits, including Mathematics and English, plus UTME scores."
    },
    {
      "question": "How many years does the undergraduate program take?",
      "answer": "The undergraduate program typically takes four years."
    },
    {
      "question": "What facilities are available for students?",
      "answer": "Facilities include computer labs, a library, and internet access."
    },
    {
      "question": "Does the department offer practical training?",
      "answer": "Yes, students engage in internships and project work for practical experience."
    },
    {
      "question": "What degree programs are offered?",
      "answer": "NSUK offers B.Sc. in Computer Science and M.Sc. in Computer Science."
    },

    {
      "question": "Who is the Dean of the Faculty of Law?",
      "answer": "Professor Elijah Oluwatoyin Okebukola LL.B (UI), LL."
    },
    {
      "question": "Who is the Dean of the Faculty of Arts and Social Sciences?",
      "answer": "Zaynab Alkali as Dean of Arts, Dr. Femi Adelakun as Dean of Social Sciences."
    },
    {
      "question": "Who is the Dean of Administration?",
      "answer": "Prof. Hassan Ibrahim."
    },
    {
      "question": "Who is the HOD for Environmental Science?",
      "answer": "Marcus N. Danjuma, HOD."
    },
    {
      "question": "Who is the HOD of Administration?",
      "answer": "Oluwatoyin Asaniyan, HOD."
    },
    {
      "question": "Who is the Dean of Environmental Sciences?",
      "answer": "Prof. Ishaya K. Isma'ila."
    },
    {
      "question": "Who is the HOD of Law?",
      "answer": "Prof. E. O. Okebukola, HOD."
    },
    {
      "question": "Who is the Dean of the Faculty of Agriculture?",
      "answer": "Prof. S.A. Okunsebor."
    },
    {
      "question": "Who is the HOD of Social Science?",
      "answer": "Dr. Abdulkarim Yunusa Ag."
    },
    {
      "question": "Who is the HOD of Agriculture?",
      "answer": "Prof. I.M. Ogara."
    },
    {
      "question": "Who is the current Vice Chancellor?",
      "answer": "Professor Sa'adatu Hassan Liman."
    },
    {
      "question": "Who is the Registrar?",
      "answer": "Bala Isyaka Ahmed II."
    },
    {
      "question": "Who is the Bursar?",
      "answer": "Murtala Kana."
    }
, {
  "question": "Who is the newly appointed Deputy Vice-Chancellor Academics?",
  "answer": "Prof. Abdullahi Sallau Modibbo."
},
{
  "question": "Who is the newly appointed Deputy Vice-Chancellor Administration?",
  "answer": "Prof. Theophilus Daniel Lagi."
},
{
  "question": "Who is the Vice-Chancellor of Nasarawa State University?",
  "answer": "Prof. Saadatu Hassan Liman."
}
    


  ]
}
